latitude,website,reviews,thumbnail,description,address,type,price_level,position,hours,rating,name,phone,longitude
18.5343313,http://mypharmacyonline.in/,66,https://lh3.googleusercontent.com/gps-cs-s/AC9h4npY9fykC3K7GQJtx4fU16xO7xp_zl1u34RAERvXO4inr0RuK30gOr3iX2vjv87nheGh-FG0TgDxH2X_YldPFFKIfozcaY7bffNClBhIvkAq-xF9-xp5L7jyOrTdO-yMIyzBQCC4=w163-h92-k-no,,"Shop No 4, Gagan Capital, Balkrishna Sakharam Dhole Patil Rd, next to Ruby Hall Exit Gate, Sangamvadi, Pune, Maharashtra 411001, India",Pharmacy,0,1,Open 24 hours,3.9,My Pharmacy,091453 65365,73.8765428
18.535112,https://www.wellnessforever.com/,195,https://lh3.googleusercontent.com/gps-cs-s/AC9h4npV1DcqCXveuJPhZ9Rsls0heq5n9rPtEAqNGPNRmzcXgjHYbARXlnNwaQbCOOtPEMfiHDwj2C-EAYat74OOe7t4hlk8x47BF-pkwPjMnxhZKhv5FfKwRR6OsQdrK13kjBUq5ODuMw=w80-h106-k-no,,"Shop No 4, Genesis Apartment, Balkrishna Sakharam Dhole Patil Rd, near Reliance Fresh, Sangamvadi, Pune, Maharashtra 411001, India",Pharmacy,0,2,Open 24 hours,4.1,"Wellness Forever Pharmacy - Dhole Patil Road, Pune",086556 83187,73.8764937
18.5075744,,470,https://lh3.googleusercontent.com/gps-cs-s/AC9h4noQypacG536nofUqR_hwN-xmv0wRFzaoGdWScX9wXYmFvaFphEDVarEufYKgoATLIA6-HK79QsPj8hq4001yP8OaT9Lm2dhJ00zaiOacf6rUBZLuy0O7K9p-VMZ8P3VV-w4UZfd=w80-h106-k-no,,"Shop No 7 Ground Floor, B Wing Classic Square, 2158, New Modikhana, Pune Cantonment, Pune, Maharashtra 411042, India",Pharmacy,0,3,Open 24 hours,4.9,LIFE CARE GENERIC PLUS PHARMACY,094534 54530,73.87680569999999
18.5265548,https://www.wellnessforever.com/,225,https://lh3.googleusercontent.com/gps-cs-s/AC9h4nq4b3P4npKVZqRi7MvRwQAqXvH9mek4mnQYXESbYSqkghXTTavtmDmhEvFpClvOtQops8wejzejKNevAEMTrAFBrmF0JbWwpOQfPRuVX5t0WVqhjI8s_12BnL05GlhPcWIJmY4M=w122-h92-k-no,,"Shop No 4, Ground Floor, Gokul Nagar, Fergusson College Rd, Sud Nagar, Shivajinagar, Pune, Maharashtra 411005, India",Pharmacy,0,4,Open 24 hours,3.8,Wellness Forever Pharmacy - F.C Road Road,074004 06253,73.84211979999999
18.539448,https://www.wellnessforever.com/,155,https://lh3.googleusercontent.com/p/AF1QipO_YO60vtGtx8LsUKz8qDwDQXe5_J0HweQp8LDM=w163-h92-k-no,,"Shop No 3, Ground Floor, Ashiyana Park Co-Op Society, N Main Rd, Liberty Phase 2, Ragvilas Society, Koregaon Park, Pune, Maharashtra 411001, India",Pharmacy,0,5,Open 24 hours,3.7,"Wellness Forever Pharmacy - Koregaon Park, Pune",086574 52383,73.8977051
18.549935,https://www.wellnessforever.com/,149,https://lh3.googleusercontent.com/p/AF1QipO6HzY0_0aBXgkb3631pJkGnnEElrSA-ysSf8dT=w163-h92-k-no,,"Shop No 1, Ground Floor, IT TOWER, opposite Zensar, Rakshak Nagar, Kharadi, Pune, Maharashtra 411014, India",Pharmacy,0,6,Open 24 hours,3.3,"Wellness Forever Pharmacy - Kharadi, Pune",086556 83190,73.9408643
18.5654669,https://www.wellnessforever.com/,258,https://lh3.googleusercontent.com/gps-cs-s/AC9h4nqJn0d3JYv7Y7VhOF4qAD5ej5HYqWjq6gAVYtWE-bjH9Ibe11hiZwpqhFUShbgkzi73Ks45VnhlWo5c8W1_Y5h7mLa8RAZhaCd--_46T2PA7JVuCNWAr8ukGuI4gX6X5nmGyPiS=w163-h92-k-no,,"Shop No 2, Vasundhara Space, DP Rd, Ward No. 8, Aundh, Pune, Maharashtra 411067, India",Pharmacy,0,7,Open 24 hours,3.6,"Wellness Forever Pharmacy - Aundh Vasundhara Space, Pune",086579 91246,73.8062443
18.5585144,https://www.wellnessforever.com/,192,https://lh3.googleusercontent.com/p/AF1QipN2-oRhmpn2T_kCt58rOaf1MxzDy9SYpR0IqVQQ=w163-h92-k-no,,"Shop No.6, Pavitra Building, Pavitra Hotel, 1, opposite Cafe Coffee Day Outlet, Riviresa Society, Baner Gaon, Baner, Pune, Maharashtra 411069, India",Pharmacy,0,8,Open 24 hours,3.9,"Wellness Forever Pharmacy - Baner, Pune",086574 52380,73.7923121
18.5081844,https://www.greenlinepharmacy.in/,338,https://lh3.googleusercontent.com/gps-cs-s/AC9h4nq7T1iCdmXZYfd4QLuSBVbGI9cLz5ySQ5bGpvVbTPMKa0JGchnfCX-t-VNinEr9swNxC-vFqcBmx5Ivro_l5DdwKEyp6SKwA47UBfh9kXP8jhpfsR9nqKBZDkW1KqK_SH_IfWytWA=w163-h92-k-no,,"Warje Malwadi Rd, Pandurang Colony, Erandwane, Pune, Maharashtra 411004, India",Pharmacy,0,9,Open 24 hours,4.4,Greenline Pharmacy & Supermarket,097638 88222,73.8308613
18.5795438,https://www.wellnessforever.com/,59,https://lh3.googleusercontent.com/p/AF1QipN3geF-9xxORLw2OCkhlB2zZ2f3nBiu9FGA63Br=w163-h92-k-no,,"Shop No 9, Ground Floor, Trident Building A Wing, Nandanwan Society, Ingawale Nagar, Pimple Nilakh, Pimpri-Chinchwad, Maharashtra 411027, India",Pharmacy,0,10,Open 24 hours,4.7,Wellness Forever Pharmacy - Pune Pimple Nilakh,086578 12351,73.7857629
18.528963,https://www.dawaadost.com/,127,https://lh3.googleusercontent.com/p/AF1QipMrgmoAEEvumqjyPL5VSMM8mwgrc9H3vFRpitZi=w122-h92-k-no,,"Railway Station Agarkar Nagar Platform No 1, Pune, Maharashtra 411001, India",Pharmacy,0,11,Open 24 hours,4.8,Dawaa Dost - Pune Railway Station,083069 90416,73.8733225
18.480657,https://www.wellnessforever.com/,28,https://lh3.googleusercontent.com/p/AF1QipM2bpPtUNi2pN9K41ufep58KFBIlzS8ghxzUpSD=w163-h92-k-no,,"Shop No. 37, Gagan Galaxy Co-Operative Housing Society Ltd Gangadham, Bibwewadi, Pune, Maharashtra 411037, India",Pharmacy,0,12,Open 24 hours,4.7,Wellness Forever Pharmacy - Gangadham Pune,089828 22382,73.875317
18.5554507,https://www.wellnessforever.com/,96,https://lh3.googleusercontent.com/p/AF1QipN4xiuy3MTNHp3QhOI_DkK1u05fvSPtqImW-SFx=w163-h92-k-no,,"Shop No 3, Ground Floor, Pradeep Plaza East Wing, opposite GANGA PLATINO, EON Free Zone, Kharadi, Pune, Maharashtra 411014, India",Pharmacy,0,13,Open 24 hours,4.0,"Wellness Forever Pharmacy - Kharadi, pune",086579 91250,73.9496734
18.525514,,60,https://lh3.googleusercontent.com/p/AF1QipM0yQxOZJ5QPm4D7XGwSglswV6-pHxGX1LkgxJp=w80-h98-k-no,,"Parmar Chamber, Sadhu Vaswani Rd, near Sadhu Vaswani Chowk, Agarkar Nagar, Pune, Maharashtra 411001, India",Pharmacy,0,14,Closes soon ⋅ 12:30 AM ⋅ Reopens 7:30 AM,5.0,Pune Chemist,092658 16249,73.87638869999999
18.5490189,https://www.wellnessforever.com/,92,https://lh3.googleusercontent.com/p/AF1QipPf4N3z0DZP9Y-bZVf79Fiu58A-9aAtIezq8nHA=w163-h92-k-no,,"Shop No 6, Ground Floor, F-RESIDENCIES, Digambar Nagar, Wadgaon Sheri, Pune, Maharashtra 411014, India",Pharmacy,0,15,Open 24 hours,3.8,"Wellness Forever Pharmacy - Wadgaon Sheri, Pune",086577 05060,73.9176663
18.5458526,https://www.wellnessforever.com/,43,https://lh3.googleusercontent.com/p/AF1QipNsXVouukVfhGQ4ds09adCLCpdDHr6URSRwJrZE=w163-h92-k-no,,"Shop No. 126, Ground Floor, Vitoria Building, Kalyani Nagar, Pune, Maharashtra 411014, India",Pharmacy,0,16,Open 24 hours,4.8,"Wellness Forever Pharmacy - Kalyani Nagar, Vitoria Building, Pune",086570 34877,73.9053371
18.4872431,https://www.wellnessforever.com/,104,https://lh3.googleusercontent.com/p/AF1QipPEs5y_w5q5GyELsuEIM2gZw3uS9esVmCAGNWjY=w163-h92-k-no,,"Shop No 9, Nancy Towers, CHS, near Raheja Garden, opposite Kedari Petrol Pump, Wanwadi, Pune, Maharashtra 411040, India",Pharmacy,0,17,Open 24 hours,3.8,"Wellness Forever Pharmacy - Wanwadi, Pune",086578 93586,73.89842469999999
18.5076093,http://mednx.in/,17,https://lh3.googleusercontent.com/gps-cs-s/AC9h4nokwZ8s_hXA23l02WsfCKfgv2U3O0GtjCiXRJjhZwpJPNIzW0SZkjqe6L9gr3OmBv7FK4pV8EHvkSJFSiOrkNuDGmJo8ao2qctTAd3bqbhPR6y3Nrnz2JoGVQwiL_p8STZ5euPC=w204-h92-k-no,,"Haridham Apartment, Ramchandra Mane Rd, Lokmanya Colony, Kothrud, Pune, Maharashtra 411038, India",Pharmacy,0,18,Open 24 hours,4.9,MED NX Pharmacy & Supermarket,020 6868 8374,73.8060478
18.4684683,https://zeno.health/,223,https://lh3.googleusercontent.com/p/AF1QipMCOdaFfjWdcPkCyk-72CSxc4VWpZKgELBGdpZT=w193-h92-k-no,,"Shop No. 2, Shreyas CHS, KK Market Rd, opp. Shilimkar CNG Station, opp. Dwarka Restaurant, Punyai Nagar, Panchod, Dhankawadi, Pune, Maharashtra 411043, India",Pharmacy,0,19,Closed ⋅ Opens 8 AM,4.9,"Zeno Health Pharmacy - Dhankawadi, Pune.",085919 00180,73.85883
18.4859766,https://www.wellnessforever.com/,95,https://lh3.googleusercontent.com/p/AF1QipM9NlwsLef-vH6G0oLkU5Ybm9DQW2Yn-zU8sHJw=w163-h92-k-no,,"Shop No 1, R-Cube, opposite Vinayak Hospital Road, AtulNagar Phase I, Atul Nagar, Warje, Pune, Maharashtra 411058, India",Pharmacy,0,20,Open 24 hours,3.3,"Wellness Forever Pharmacy - Warje, Pune",086579 35491,73.7960861
18.4889988,https://zeno.health/,70,https://lh3.googleusercontent.com/p/AF1QipNTaDGSkFV0MMC4rmFR3O5UTq1IKF9eMsyUwCFT=w122-h92-k-no,,"Shop No. 12, Somshankar Chambers, Cinema, Pune - Satara Rd, opp. City Pride, near Bhapkar Petrol Pump Parvati, Adinath Society, Parvati Industrial Estate, Parvati Paytha, Pune, Maharashtra 411009, India",Pharmacy,0,1,Closed ⋅ Opens 8 AM,4.9,"Zeno Health Pharmacy - Pune Satara Road, Pune.",085919 00179,73.85723999999999
18.535112,https://www.wellnessforever.com/,195,https://lh3.googleusercontent.com/gps-cs-s/AC9h4npV1DcqCXveuJPhZ9Rsls0heq5n9rPtEAqNGPNRmzcXgjHYbARXlnNwaQbCOOtPEMfiHDwj2C-EAYat74OOe7t4hlk8x47BF-pkwPjMnxhZKhv5FfKwRR6OsQdrK13kjBUq5ODuMw=w80-h106-k-no,,"Shop No 4, Genesis Apartment, Balkrishna Sakharam Dhole Patil Rd, near Reliance Fresh, Sangamvadi, Pune, Maharashtra 411001, India",Pharmacy,0,2,Open 24 hours,4.1,"Wellness Forever Pharmacy - Dhole Patil Road, Pune",086556 83187,73.8764937
18.5075744,,470,https://lh3.googleusercontent.com/gps-cs-s/AC9h4noQypacG536nofUqR_hwN-xmv0wRFzaoGdWScX9wXYmFvaFphEDVarEufYKgoATLIA6-HK79QsPj8hq4001yP8OaT9Lm2dhJ00zaiOacf6rUBZLuy0O7K9p-VMZ8P3VV-w4UZfd=w80-h106-k-no,,"Shop No 7 Ground Floor, B Wing Classic Square, 2158, New Modikhana, Pune Cantonment, Pune, Maharashtra 411042, India",Pharmacy,0,3,Open 24 hours,4.9,LIFE CARE GENERIC PLUS PHARMACY,094534 54530,73.87680569999999
18.5617619,,145,https://lh3.googleusercontent.com/p/AF1QipNWpUf_FR-SaYaw5QejqGlarmdbQ1C-EQrRtMjy=w80-h106-k-no,,"Shop No. 6, Shatataraka Apartment, A- wing, Aundh Rd, Bopodi, Khadki, Pune, Maharashtra 411020, India",Pharmacy,0,4,Closed ⋅ Opens 9 AM,4.8,"Zeno Health Pharmacy - Khadki, Pune",079772 90963,73.8362523
18.525514,,60,https://lh3.googleusercontent.com/p/AF1QipM0yQxOZJ5QPm4D7XGwSglswV6-pHxGX1LkgxJp=w80-h98-k-no,,"Parmar Chamber, Sadhu Vaswani Rd, near Sadhu Vaswani Chowk, Agarkar Nagar, Pune, Maharashtra 411001, India",Pharmacy,0,5,Closes soon ⋅ 12:30 AM ⋅ Reopens 7:30 AM,5.0,Pune Chemist,092658 16249,73.87638869999999
18.4767315,https://zeno.health/,114,https://lh3.googleusercontent.com/p/AF1QipM669XKNBZMMWgDbrcHwA91e2SOQjBiM-iOPpfH=w80-h142-k-no,,"Shop No. 3,Ganesh Apartment, opp Kakade Terrace, Ganapati Matha NDA Rd, Warje Malwadi Rd, Vitthal Nagar, Warje, Pune, Maharashtra 411058, India",Pharmacy,0,6,Closed ⋅ Opens 8 AM,4.9,"Zeno Health Pharmacy - Warje, Pune.",085919 00171,73.7966248
18.476864,https://www.apollopharmacy.in/?utm_source=gmb&utm_medium=organic&utm_campaign=sulekhapromanage-apollo-pharmacy,99,https://lh3.googleusercontent.com/p/AF1QipNvIa1iZ08gerHYYy-aCTC4OUpnXmBcfZxH5STh=w204-h92-k-no,,"No. 1, 5 & 284, Sinhgad Rd, Anand Nagar, Pune, Maharashtra 411051, India",Pharmacy,0,7,Closed ⋅ Opens 7 AM,4.6,Apollo Pharmacy Pune Higne Khurd Sinhgad Road,077009 09385,73.8234465
18.4684683,https://zeno.health/,223,https://lh3.googleusercontent.com/p/AF1QipMCOdaFfjWdcPkCyk-72CSxc4VWpZKgELBGdpZT=w193-h92-k-no,,"Shop No. 2, Shreyas CHS, KK Market Rd, opp. Shilimkar CNG Station, opp. Dwarka Restaurant, Punyai Nagar, Panchod, Dhankawadi, Pune, Maharashtra 411043, India",Pharmacy,0,8,Closed ⋅ Opens 8 AM,4.9,"Zeno Health Pharmacy - Dhankawadi, Pune.",085919 00180,73.85883
18.4903316,https://zeno.health/,108,https://lh3.googleusercontent.com/p/AF1QipOfxk0AH1gdIQmluoaaChp8nMijl6OrkCXHNcSz=w80-h106-k-no,,"Shop No.2, Shiv Nagari Apartment, Katraj-Hadapsar Bypass Rd, opp. sai baba mandir, Mohmmadwadi Ghule Nagar, Kanifnath Colony, Sasane Nagar, Hadapsar, Pune, Maharashtra 411028, India",Pharmacy,0,9,Closed ⋅ Opens 8 AM,4.8,"Zeno Health Pharmacy - Sasane Nagar, Pune.",085919 00169,73.9317204
18.5651087,https://web.zeno.health/,93,https://lh3.googleusercontent.com/p/AF1QipMVJnMtCr0SRjDOZfpi9LIwiYo3BvijxfW00V5s=w163-h92-k-no,,"Shop no. 3, Lunkad Plaza, Viman Nagar Rd, near Bangalore Iyangar Bakery, near Telephone Exchange, Clover Park, Viman Nagar, Pune, Maharashtra 411014, India",Pharmacy,0,10,Closed ⋅ Opens 8 AM,4.8,"Zeno Health Pharmacy - Viman nagar, Pune.",085919 00168,73.9169958
18.5387992,https://zeno.health/,71,https://lh3.googleusercontent.com/p/AF1QipPrE2ZkGGV6jDt1X1q6Yz_34LkIDmhAc_tmhNU=w80-h177-k-no,,"Shop No. 13, Gulmohar Gardens, Lane No. 7, Ashok Chakra Society, Meera Nagar, Koregaon Park, Pune, Maharashtra 411001, India",Pharmacy,0,11,Closed ⋅ Opens 8 AM,5.0,"Zeno Health Pharmacy - Koregaon Park, Pune.",085919 00174,73.9002435
18.4814041,https://zeno.health/,138,https://lh3.googleusercontent.com/p/AF1QipMtQGJQuO4f7WJbVKcIGmdApAv8mtECQv64l9eh=w163-h92-k-no,,"Shop No.4, chowk, New Era Society, Bibwewadi Kondhwa Rd, near gangadham, near Yashshree Hospital, New Era Society, Market Yard, Gultekadi, Pune, Maharashtra 411037, India",Pharmacy,0,12,Closed ⋅ Opens 8 AM,4.9,"Zeno Health Pharmacy - Bibwewadi, Pune.",085919 00167,73.8750982
18.5094718,https://web.zeno.health/,92,https://lh3.googleusercontent.com/p/AF1QipObOtg96idbmEu_l93Gk03HJ86J47mL0n4l4Nwo=w163-h92-k-no,,"Ganjave Complex, Shop no.1, Dharmavat Corner, Chowk, Lal Bahadur Shastri Rd, near shriman amruttulya, Navi Peth, Pune, Maharashtra 411030, India",Pharmacy,0,13,Closed ⋅ Opens 8 AM,4.9,"Zeno Health Pharmacy - Navi Peth, Pune.",083568 01190,73.8434353
18.5308381,https://zeno.health/,134,https://lh3.googleusercontent.com/p/AF1QipOCVX0bizDifxT-FJGX3l1w1K3hYJjIDqoTHNx4=w204-h92-k-no,,"Shop no.2, Shinde vasti, Manjari Rd, opp. Dr. Gaikwad Hospital, Keshav Nagar, Mundhwa, Pune, Maharashtra 411036, India",Pharmacy,0,14,Closed ⋅ Opens 8 AM,4.9,"Zeno Health Pharmacy - Mundhwa, Pune.",085919 25619,73.941093
18.4775643,,46,https://lh3.googleusercontent.com/p/AF1QipN_RxC-wODjoCGmdbDNwdPVl_zoSMpHVsCNujnn=w204-h92-k-no,,"Shop No. 11 & 12, Gr. Floor, Shivpushpa Landmark Bldg, Sun City Rd, Wadgaon Bk, Anand Nagar, Pune, Maharashtra 411051, India",Pharmacy,0,15,Closed ⋅ Opens 8 AM,4.6,Citycare Pharmacy LLP,075750 94242,73.8201765
18.5736411,https://zeno.health/,94,https://lh3.googleusercontent.com/p/AF1QipOChq5E-DEaPUT8-TzADahDIZ0EEq5SEiJYGW9y=w122-h92-k-no,,"Shop No. 13,Navrang Plaza, Vishrantwadi Airport Rd,Vishrantwadi , Tingre Nagar, beside Saideep Eye Hospital, near Sawant Indian oil petrol pump, Dhanori, Pune, Maharashtra 411015, India",Pharmacy,0,16,Closed ⋅ Opens 8 AM,4.8,"Zeno Health Pharmacy - Dhanori, Pune.",085919 00181,73.8847625
18.5529797,https://zeno.health/,163,https://lh3.googleusercontent.com/p/AF1QipMX9bP0g-LfNgyazeQMGdODJ6iYQKLWPYNA89L7=w163-h92-k-no,,"Shop No. 4, Ichatrupati Society, Sr No. 48, Ganesh Nagar Rd, Anand Park, Wadgaon Sheri, Pune, Maharashtra 411014, India",Pharmacy,0,17,Closed ⋅ Opens 11 AM,4.8,"Zeno Health Pharmacy - Wadgaon Sheri, Pune.",085919 00188,73.925286
18.478661,https://zeno.health/,85,https://lh3.googleusercontent.com/p/AF1QipPsEpVhpyXsHRuLDAvv1EvawkRQ0KDCOcdfzgO8=w80-h106-k-no,,"Shop No.7, Amba Vatika CHS, A2 building, opp kubera garden NIBM Rd, B G Lonkar Rd, Kondhwa, Pune, Maharashtra 411048, India",Pharmacy,0,18,Closed ⋅ Opens 8 AM,4.8,"Zeno Health Pharmacy - NIBM Road, Kondhwa, Pune.",093217 05139,73.89622279999999
18.5081844,https://www.greenlinepharmacy.in/,338,https://lh3.googleusercontent.com/gps-cs-s/AC9h4nq7T1iCdmXZYfd4QLuSBVbGI9cLz5ySQ5bGpvVbTPMKa0JGchnfCX-t-VNinEr9swNxC-vFqcBmx5Ivro_l5DdwKEyp6SKwA47UBfh9kXP8jhpfsR9nqKBZDkW1KqK_SH_IfWytWA=w163-h92-k-no,,"Warje Malwadi Rd, Pandurang Colony, Erandwane, Pune, Maharashtra 411004, India",Pharmacy,0,19,Open 24 hours,4.4,Greenline Pharmacy & Supermarket,097638 88222,73.8308613
18.4775159,https://www.apollopharmacy.in/?utm_source=gmb&utm_medium=organic&utm_campaign=sulekhapromanage-apollo-pharmacy,38,https://lh3.googleusercontent.com/gps-cs-s/AC9h4np4dWVpFJut_nwiGm4Llws35pfYqOM_cDooOzOoFmL_g_QETqEA9UGIVRTnTGGfZ1rBgeH4I93Vw7cwgecHKh21nr2L3eAnI4pH2K441eeOHzTzA5C0auU1pgR1GkthiyD7oQ4=w80-h106-k-no,,"4, S. No. 1 A/1/2/60/1A, Brahma Estate, Bldg, NIBM Rd, opp. Punjab National Bank, Kondhwa, Pune, Maharashtra 411048, India",Pharmacy,0,20,Closed ⋅ Opens 7 AM,4.4,Apollo Pharmacy Pune Kondhwa Road,079 4281 3236,73.88992689999999
